,TA_Levy_7,SL_Levy_7
0,-1.443553243385081,13.000000000000002
1,1.262327596311018,6.000000000000001
2,-1.2093793748672512,5.000000000000001
3,0.175152362064083,49.00000000000001
4,-2.7148045387941067,9.000000000000002
5,-0.13867515598225189,8.000000000000002
6,-0.7492498415897831,7.000000000000001
7,-1.5183723174799995,6.000000000000001
8,0.04899469515834575,6.000000000000001
9,-0.7222805737411794,7.000000000000001
10,0.7511565945216144,6.000000000000001
11,-1.2857519893130835,6.000000000000001
12,-0.3534041404618574,7.000000000000001
13,0.30912543255216157,6.000000000000001
14,-0.45899096605859724,8.000000000000002
15,-1.9939083193702574,6.000000000000001
16,-0.4175135319765591,2416.0000000000005
17,0.9572140306488381,6.000000000000001
18,1.3283274637386078,6.000000000000001
19,-1.8135742416562761,6.000000000000001
20,0.8521053183337955,7.000000000000001
21,-1.452822863202271,113.00000000000001
22,-0.20966833395762913,9.000000000000002
23,-0.06000900364695427,7.000000000000001
24,-1.4571518637928003,6.000000000000001
25,0.014142253477512098,12.000000000000002
26,-2.3764737396016535,13.000000000000002
27,-0.06325609887514339,6.000000000000001
28,-1.6784038781388249,6.000000000000001
29,-0.6588447621206159,12.000000000000002
30,-0.08720560886095623,7.000000000000001
31,0.8208492988553564,18.000000000000004
32,0.7319089867914271,4746.000000000001
33,2.954235875173066,8.000000000000002
34,-1.0645475046976332,11.000000000000002
35,-2.2863031085918175,6.000000000000001
36,0.07072541780250705,5.000000000000001
37,0.14573112077897082,355.00000000000006
38,1.7520877679366373,10.000000000000002
39,0.8131685988480144,5.000000000000001
40,0.8164671130207551,24.000000000000004
41,0.6693905180907619,9.000000000000002
42,0.37665545352454266,11.000000000000002
43,1.307566994853653,25.000000000000004
44,-0.38392933343586616,11.000000000000002
45,-1.4443597221685904,12.000000000000002
46,0.5612320879153153,12.000000000000002
47,2.278249180585564,6.000000000000001
48,-0.9204023466118069,10.000000000000002
49,-0.4549113112706431,8.000000000000002
50,-0.8483791383469083,6.000000000000001
51,0.21014824902445728,6.000000000000001
52,2.701941040394928,6.000000000000001
53,2.048791525313849,8.000000000000002
54,-0.8130309376249791,6.000000000000001
55,0.06325609887514339,7.000000000000001
56,-3.1170971437481882,7.000000000000001
57,-0.5868302990163022,11.000000000000002
58,-1.0544570152897836,8.000000000000002
59,-2.438737914784265,6.000000000000001
60,0.13648773466080505,13.000000000000002
61,1.559096059842952,7.000000000000001
62,-2.703117256481457,8.000000000000002
63,0.020000333348333125,6.000000000000001
64,-0.17686565285763697,7.000000000000001
65,-2.2970857183657674,7.000000000000001
66,0.972422002262593,7.000000000000001
67,2.3494195728840164,15.000000000000002
68,-0.16266002985708572,7.000000000000001
69,-0.2653529495976502,20.000000000000004
70,0.2167571626568568,6.000000000000001
71,2.8086968093785774,7.000000000000001
72,-0.6705178229697902,305.00000000000006
73,-1.31108662478016,30.000000000000004
74,-0.09168362228066593,6.000000000000001
75,-0.6373088398389123,6.000000000000001
76,1.4933188369081027,6.000000000000001
77,-1.5930981754697906,7.000000000000001
78,0.044725087168733454,6.000000000000001
79,1.5514951284178464,7.000000000000001
80,-0.09903541693516447,6.000000000000001
81,0.6005941268660511,7.000000000000001
82,0.6354578934267465,7.000000000000001
83,2.930487799233971,6.000000000000001
84,1.194691881771496,7.000000000000001
85,0.24225285838803284,7.000000000000001
86,0.5819361977024822,6.000000000000001
87,0.4904945557025638,11.000000000000002
88,0.5380687624328166,5.000000000000001
89,2.9652962667784597,18.000000000000004
90,-2.393371145386478,6.000000000000001
91,1.0953897220544022,82.00000000000001
92,-0.3204302117906909,8.000000000000002
93,-3.064113608665912,7.000000000000001
94,1.6363432526763275,6.000000000000001
95,-0.5906120548844551,8.000000000000002
96,0.5612320879153153,6.000000000000001
97,-0.8294249444383417,48.00000000000001
98,1.2656843311818,6.000000000000001
99,0.15507467296433847,7.000000000000001
100,-0.0469084582105005,6.000000000000001
101,-2.233435955835505,5.000000000000001
102,-0.9401089971455627,7.000000000000001
103,0.1942122744936877,8.000000000000002
104,-1.3665798300830008,14.000000000000002
105,2.270773201677412,6.000000000000001
106,0.32889448430290635,6.000000000000001
107,0.5090661732923919,5.000000000000001
108,0.3270317975705273,10.000000000000002
109,-0.48794101346636626,14.000000000000002
110,-1.3691322102130157,12.000000000000002
111,0.7248483165904986,13.000000000000002
112,-2.6705596953378894,6.000000000000001
113,-0.020000333348333125,6.000000000000001
114,-0.6023613440351832,6.000000000000001
115,-1.125528065849176,5.000000000000001
116,0.7967981510645711,16.000000000000004
117,0.2880488036493534,23.000000000000004
118,-1.7040906917339755,21.000000000000004
119,2.798741464194946,6.000000000000001
120,1.2931425909963339,14.000000000000002
121,0.014142253477512098,7.000000000000001
122,0.09903541693516447,6.000000000000001
123,0.6575369027863076,10.000000000000002
124,-0.6892864810126023,7.000000000000001
125,-0.21535778110397366,6.000000000000001
126,1.704998802093448,46.00000000000001
127,2.901432947888045,7.000000000000001
128,0.8355093718888621,6.000000000000001
129,0.12007211689055672,9.000000000000002
130,2.4458844719161483,7.000000000000001
131,-1.7211623139793124,24.000000000000004
132,-0.41972755185891497,6.000000000000001
133,-0.18735677841672702,6.000000000000001
134,0.4769483040728071,19.000000000000004
135,0.19055113095391613,6.000000000000001
136,-1.1971635237196157,9.000000000000002
137,-1.8613680201480782,5.000000000000001
138,0.27509277764804363,8.000000000000002
139,-1.7547317313179285,174.00000000000003
140,1.7002576576091413,6.000000000000001
141,-0.23804850693396118,389.00000000000006
142,-0.5644181296809262,11.000000000000002
143,-0.8435702706493512,6.000000000000001
144,-0.04899469515834575,18.000000000000004
145,-1.827506592224618,6.000000000000001
146,1.3718872861276517,8.000000000000002
147,-0.30681615772462134,5.000000000000001
148,-1.964271140419005,12.000000000000002
149,1.7951743297919187,7.000000000000001
150,0.9367617539047705,6.000000000000001
151,-0.59240541020326,15.000000000000002
152,2.6435096377314276,8.000000000000002
153,-0.15636423944673383,7.000000000000001
154,0.8441056030561208,5.000000000000001
155,0.024495509841604958,6.000000000000001
156,0.5427336703335427,6.000000000000001
157,-0.5629208198209602,100.00000000000001
158,1.0077083089614063,6.000000000000001
159,0.24964576524113105,6.000000000000001
160,0.4815027129746101,8.000000000000002
161,1.115309009212202,20.000000000000004
162,-0.24225285838803284,61.00000000000001
163,1.75686818912582,6.000000000000001
164,-3.027513261079295,6.000000000000001
165,0.014142253477512098,15.000000000000002
166,-2.090934451071554,8.000000000000002
167,0.6661607561144524,7.000000000000001
168,-0.16931752556572385,6.000000000000001
169,1.977517379814959,6.000000000000001
170,0.5714825846318095,26.000000000000004
171,-3.127450400112281,6.000000000000001
172,-0.06000900364695427,8.000000000000002
173,-0.4875142281432939,6.000000000000001
174,0.7248483165904986,8.000000000000002
175,-0.05477910459422107,10.000000000000002
176,-0.03464274843605503,6.000000000000001
177,-0.5897135762930321,7.000000000000001
178,0.6693905180907619,6.000000000000001
179,-1.6144101522675833,14.000000000000002
180,-1.4966283471886852,6.000000000000001
181,2.6979637125962044,5.000000000000001
182,2.9489410262586704,6.000000000000001
183,-0.6085111898885587,7.000000000000001
184,3.0886714520033385,7.000000000000001
185,-0.40449820013963084,7.000000000000001
186,1.2404189708683846,11.000000000000002
187,0.43847539710833594,6.000000000000001
188,0.20133740532573377,8.000000000000002
189,-1.1560038651150064,6.000000000000001
190,-2.22900407118231,13.000000000000002
191,0.3597069995849564,8.000000000000002
192,0.4734511572720662,6.000000000000001
193,0.6479877041758776,6.000000000000001
194,-1.0221883370886555,7.000000000000001
195,3.1099685592241655,63.00000000000001
196,0.8187973859246959,7.000000000000001
197,-1.4258897361214526,6.000000000000001
198,2.3827022657881183,9.000000000000002
199,1.1063811468663665,10.000000000000002
200,-2.3600105672398426,6.000000000000001
201,0.5762717538155581,7.000000000000001
202,-0.028285214141364843,8.000000000000002
203,1.4739449839130256,9.000000000000002
204,-2.1367250807725404,9.000000000000002
205,0.6575369027863076,6.000000000000001
206,-2.394842172600425,9.000000000000002
207,1.7010644513012172,7.000000000000001
208,-0.5409885756751631,7.000000000000001
209,-0.783992551546029,40.00000000000001
210,0.8183865308623945,6.000000000000001
211,-0.4443273701715902,7.000000000000001
212,1.332137171251374,6.000000000000001
213,-1.0497360349147384,6.000000000000001
214,0.3809818493065461,14.000000000000002
215,-3.0579022291152023,6.000000000000001
216,0.295007368425893,6.000000000000001
217,0.28875199144093167,8.000000000000002
218,0.6922685739277682,7.000000000000001
219,0.568146010162298,20.000000000000004
220,-0.2591817919744579,10.000000000000002
221,0.2780226899897858,7.000000000000001
222,-2.214797529394205,9.000000000000002
223,-2.1196387308340743,18.000000000000004
224,-1.9803500515670365,23.000000000000004
225,0.12736529104330555,22.000000000000004
226,-2.583185247330127,9.000000000000002
227,-2.140283228780617,6.000000000000001
228,0.8116533374597543,6.000000000000001
229,-0.8957928898125729,8.000000000000002
230,-0.28020053502559567,11.000000000000002
231,0.8922012164245161,7.000000000000001
232,0.6980452651822079,6.000000000000001
233,-0.5162021354407995,6.000000000000001
234,0.7461614152264602,10.000000000000002
235,0.06783630602888531,6.000000000000001
236,-0.7511565945216144,7.000000000000001
237,0.4108041115088008,9.000000000000002
238,0.16017116006731824,109.00000000000001
239,-1.4411333055229578,7.000000000000001
240,1.7700114110635732,6.000000000000001
241,-1.0543420204047962,6.000000000000001
242,-1.9261265724983954,9.000000000000002
243,-0.4344539933260168,7.000000000000001
244,0.8636065944696062,7.000000000000001
245,-0.3857938581070229,7.000000000000001
246,1.6989467983352067,35.00000000000001
247,-0.5460162633152036,5.000000000000001
248,0.12007211689055672,48.00000000000001
249,0.508450274619364,10.000000000000002
250,-2.7861714518995697,10.000000000000002
251,-1.4663062906112423,6.000000000000001
252,-2.0156214189156554,16.000000000000004
253,0.8809741846406449,6.000000000000001
254,0.5166071931300767,6.000000000000001
255,-0.4853751259787134,7.000000000000001
256,0.03464274843605503,7.000000000000001
257,-1.6167124591906332,144.00000000000003
258,0.24350028170392937,6.000000000000001
259,-0.9139783230008723,8.000000000000002
260,1.3567659798564706,7.000000000000001
261,-0.7504236895341544,6.000000000000001
262,0.4157838474420255,6.000000000000001
263,-0.7480745104509228,7.000000000000001
264,-0.30079921453011066,19.000000000000004
265,0.35714142731107634,6.000000000000001
266,-1.2635867904296278,37.00000000000001
267,-1.3275032730036531,45.00000000000001
268,-2.5236981168653467,7.000000000000001
269,-0.7040914630932249,12.000000000000002
270,0.9969098423968504,7.000000000000001
271,0.860181379932152,6.000000000000001
272,-1.824302906628913,6.000000000000001
273,0.6671310749183629,14.000000000000002
274,-0.541376812084465,42.00000000000001
275,0.8076480660010565,7.000000000000001
276,0.2267596900367168,7.000000000000001
277,-1.1245305930047755,13.000000000000002
278,2.7424640962922484,8.000000000000002
279,0.22044609997549328,7.000000000000001
280,-0.5870108697574689,12.000000000000002
281,0.8849864344662789,6.000000000000001
282,0.8088927183470026,7.000000000000001
283,-0.14434733685361337,8.000000000000002
284,-0.16079695771890434,38.00000000000001
285,0.5224484369203048,6.000000000000001
286,1.564296281023193,9.000000000000002
287,-1.5868970224228742,6.000000000000001
288,1.5085561498336453,13.000000000000002
289,-2.621352847815803,8.000000000000002
290,0.18681913955500012,7.000000000000001
291,2.054205042017467,6.000000000000001
292,-0.6085111898885587,8.000000000000002
293,-0.6997549963688922,25.000000000000004
294,-1.0695715745212806,9.000000000000002
295,-1.0403713135126025,6.000000000000001
296,-2.77736732707974,7.000000000000001
297,-0.42095282874889384,7.000000000000001
298,-0.5542412762512804,126.00000000000001
299,-3.0868135489955724,22.000000000000004
300,-0.30912543255216157,9.000000000000002
301,0.9398613342625359,7.000000000000001
302,0.353115088009999,25.000000000000004
303,-2.5948065906548465,8.000000000000002
304,0.8657094414130386,8.000000000000002
305,0.05099572069011084,7.000000000000001
306,1.062717103566063,6.000000000000001
307,0.3812506976736283,13.000000000000002
308,0.12173039652915929,7.000000000000001
309,-2.236865334380652,9.000000000000002
310,0.07617614786314257,6.000000000000001
311,-0.5435076490336533,6.000000000000001
312,0.3487517590510959,11.000000000000002
313,-1.3010364554414713,9.000000000000002
314,0.3871204375862761,6.000000000000001
315,-0.3392635692901253,5.000000000000001
316,-0.5464012849242398,8.000000000000002
317,0.6116529104154442,6.000000000000001
318,-0.8416945944328581,8.000000000000002
319,0.30714708330335966,5.000000000000001
320,-1.527382690816516,21.000000000000004
321,0.37337934790240723,6.000000000000001
322,-0.19160422223875498,6.000000000000001
323,0.3510853369209008,10.000000000000002
324,-0.7665616180488662,6.000000000000001
325,1.7969183878923454,6.000000000000001
326,-0.7114743821462168,7.000000000000001
327,0.3101100251476884,11.000000000000002
328,-0.9014161970858765,10.000000000000002
329,-1.311397021709425,87.00000000000001
330,-0.4100522355197131,6.000000000000001
331,-0.31304582071817955,8.000000000000002
332,0.08002134870797761,9.000000000000002
333,-0.1393967170116954,5.000000000000001
334,1.0247646844487892,17.000000000000004
335,3.141592653589793,6.000000000000001
336,-2.820211347685972,17.000000000000004
337,1.376781438047832,7.000000000000001
338,-1.392858843519695,5.000000000000001
339,-0.7335534720625375,5.000000000000001
340,0.7562709319156091,7.000000000000001
341,2.53887841104635,69.00000000000001
342,0.11495453714204225,129.00000000000003
343,-0.11050983462600854,11.000000000000002
344,0.723187688627464,6.000000000000001
345,-1.387776286574733,7.000000000000001
346,-0.5005890584206729,23.000000000000004
347,0.44176142415005865,5.000000000000001
348,-2.7776481515371416,6.000000000000001
349,-0.9396136265618615,7.000000000000001
350,0.6498079663900062,315.00000000000006
351,0.4654938567261616,6.000000000000001
352,0.037418756845052345,6.000000000000001
353,-0.9742363069780071,6.000000000000001
354,1.2566549303273271,216.00000000000003
355,1.4330612454110434,48.00000000000001
356,-0.801402406096961,8.000000000000002
357,-0.044725087168733454,46.00000000000001
358,-0.8011239459290416,13.000000000000002
359,0.7987539915993777,5.000000000000001
360,-0.9410992012905017,6.000000000000001
361,0.5074222614167163,6.000000000000001
362,0.8175643462529457,7.000000000000001
363,3.09686756642106,6.000000000000001
364,-0.04899469515834575,10.000000000000002
365,-1.6197158361566375,7.000000000000001
366,-0.17856267566674963,6.000000000000001
367,-0.5841158265026813,14.000000000000002
368,-0.037418756845052345,18.000000000000004
369,0.5659119067974511,43.00000000000001
370,-0.07212665871195886,11.000000000000002
371,-0.39107453556550026,6.000000000000001
372,-1.5374901693823495,8.000000000000002
373,-1.3155332186449324,55.00000000000001
374,0.21860928826142934,155.00000000000003
375,1.7125707941602402,7.000000000000001
376,-1.6390493068549854,8.000000000000002
377,-0.03464274843605503,9.000000000000002
378,0.5893538469183799,6.000000000000001
379,0.21488932711016984,71.00000000000001
380,0.16990993689494324,7.000000000000001
381,0.24924068464409213,11.000000000000002
382,0.23847221332777646,8.000000000000002
383,0.8265739284107202,18.000000000000004
384,0.35166641143500804,8.000000000000002
385,0.6540931795733798,6.000000000000001
386,-0.43326458087886816,15.000000000000002
387,0.9975051096274118,6.000000000000001
388,0.8127555613686607,6.000000000000001
389,0.8578041532674946,6.000000000000001
390,-0.3322832713343088,6.000000000000001
391,2.831155102537447,8.000000000000002
392,-2.077731331217593,6.000000000000001
393,-2.409683666798366,6.000000000000001
394,-0.24924068464409213,6.000000000000001
395,-0.10775542078717872,9.000000000000002
396,-2.1592795116837906,6.000000000000001
397,0.9636818074959628,8.000000000000002
398,1.4718348782191422,16.000000000000004
399,-1.715905038772131,18.000000000000004
400,1.199096182066468,11.000000000000002
401,0.45695537014569243,6.000000000000001
402,0.31043755105234655,10.000000000000002
403,0.9292937215762515,10.000000000000002
404,0.22044609997549328,46.00000000000001
405,0.6821801639634032,13.000000000000002
406,0.5376783745390349,6.000000000000001
407,1.545593658864417,7.000000000000001
408,-1.3060131578178817,7.000000000000001
409,-1.0881780367665925,8.000000000000002
410,2.40565254360947,6.000000000000001
411,-1.617112884914005,53.00000000000001
412,-1.5482944279247786,23.000000000000004
413,-0.19369343848726717,6.000000000000001
414,1.603902373891905,6.000000000000001
415,-0.14913481150507227,6.000000000000001
416,0.5920471218051131,8.000000000000002
417,-0.6028906239448324,9.000000000000002
418,-1.7347296011680995,9.000000000000002
419,1.7080266452966741,126.00000000000001
420,-2.527853059730525,7.000000000000001
421,0.7510100595643525,7.000000000000001
422,-0.2500502032775829,23.000000000000004
423,0.2443284289352495,7.000000000000001
424,0.4095502615533017,6.000000000000001
425,-0.589893368475647,4065.0000000000005
426,0.49577562238631434,9.000000000000002
427,-0.42678811479568646,7.000000000000001
428,1.278658635264676,6.000000000000001
429,-0.17284183171034884,10.000000000000002
430,-0.9687866377128789,34.00000000000001
431,2.5159723063355326,7.000000000000001
432,2.148020556066382,12.000000000000002
433,2.5264653649176667,13.000000000000002
434,-1.7910733900241,6.000000000000001
435,0.7088668721066159,8.000000000000002
436,-0.8608408574818016,7.000000000000001
437,1.1343738237092134,323.00000000000006
438,2.943786148995024,13.000000000000002
439,0.07072541780250705,21.000000000000004
440,0.014142253477512098,7.000000000000001
441,0.49514462327635356,13.000000000000002
442,-0.9391180765493345,11.000000000000002
443,0.32484565137026855,12.000000000000002
444,-2.6221580999613803,6.000000000000001
445,-0.09595343661503745,7.000000000000001
446,0.6471588641765522,11.000000000000002
447,-0.45171457072797555,7.000000000000001
448,-0.5616077532934385,49.00000000000001
449,-1.8069862111429988,7.000000000000001
450,-0.0469084582105005,6.000000000000001
451,2.122102115625324,12.000000000000002
452,-3.12159232024146,11.000000000000002
453,-1.996871425687779,5.000000000000001
454,0.27138704829254384,14.000000000000002
455,0.8209859535266721,6.000000000000001
456,0.6565545528367749,43.00000000000001
457,-0.23889518250856714,8.000000000000002
458,0.1068215637959927,7.000000000000001
459,-2.466741570094847,7.000000000000001
460,-2.431344350078829,15.000000000000002
461,-0.2167571626568568,6.000000000000001
462,-0.7750300603829048,6.000000000000001
463,-0.15377437997564256,7.000000000000001
464,1.6705617409407145,6.000000000000001
465,0.46860322171178914,20.000000000000004
466,0.6433344236032108,7.000000000000001
467,0.6161662737304306,6.000000000000001
468,0.6777269288522859,10.000000000000002
469,0.18627996711928577,55.00000000000001
470,-0.8625537530848635,9.000000000000002
471,-2.0892066976776804,8.000000000000002
472,-2.0490167842522826,9.000000000000002
473,-0.8813630461273653,13.000000000000002
474,0.27101375818016943,6.000000000000001
475,-0.8523710087934194,7.000000000000001
476,-1.3510316148802346,6.000000000000001
477,0.18789289687047644,12.000000000000002
478,-0.32011257416441,9.000000000000002
479,1.1214242908196814,6.000000000000001
480,0.12736529104330555,8.000000000000002
481,0.5855649279529845,6.000000000000001
482,0.06165390452676007,23.000000000000004
483,2.712876022485588,7.000000000000001
484,-2.3091888907086617,8.000000000000002
485,0.3774702474967483,6.000000000000001
486,-0.08002134870797761,9.000000000000002
487,-0.09058481919024744,6.000000000000001
488,0.36253726228797395,30.000000000000004
489,2.589635670208623,46.00000000000001
490,-0.6339400206503532,8.000000000000002
491,-0.42119748189798556,6.000000000000001
492,0.9000127254920148,10.000000000000002
493,0.9875936993043882,138.00000000000003
494,-0.2227211564909491,23.000000000000004
495,1.4045313455098496,13.000000000000002
496,-0.3755664433625011,6.000000000000001
497,-2.20383826734499,14.000000000000002
498,-2.1399270500469134,7.000000000000001
499,2.7285406593568755,7.000000000000001
500,-0.14295025232573835,10.000000000000002
501,0.07876043412820773,9.000000000000002
502,-1.0629460055947135,6.000000000000001
503,0.1518032246824501,7.000000000000001
504,0.748956148137463,6.000000000000001
505,-0.18301196563503477,15.000000000000002
506,3.104173896744741,6.000000000000001
507,-2.0757878252826907,16.000000000000004
508,-1.1163109384961818,6.000000000000001
509,2.1263337731832808,15.000000000000002
510,1.2299339264243683,7.000000000000001
511,0.49430214236354186,6.000000000000001
512,1.1642930281671915,11.000000000000002
513,-0.24308517114930733,616.0000000000001
514,0.24183564898036344,8.000000000000002
515,0.2337700106810431,5.000000000000001
516,2.0146246310661278,8.000000000000002
517,0.23203693503754158,6.000000000000001
518,-1.3020738289211664,6.000000000000001
519,-0.6308948308079625,6.000000000000001
520,1.1816486020871173,9.000000000000002
521,-1.7774643782038348,8.000000000000002
522,-1.2399960714457716,6.000000000000001
523,0.18410767156144364,6.000000000000001
524,1.0276874656339385,830.0000000000001
525,-0.020000333348333125,6.000000000000001
526,-2.085641386829066,146.00000000000003
527,3.028395141766139,6.000000000000001
528,2.0757878252826907,7.000000000000001
529,-0.19932730473481183,5.000000000000001
530,-0.27509277764804363,362.00000000000006
531,0.21394938963805799,6.000000000000001
532,-2.134475743651352,7.000000000000001
533,1.9594037067757417,14.000000000000002
534,-0.8353745270464973,7.000000000000001
535,0.020000333348333125,10.000000000000002
536,-0.5402113491568995,6.000000000000001
537,1.6786050438776363,6.000000000000001
538,-2.297754684874475,6.000000000000001
539,0.5570848428855842,8.000000000000002
540,0.06634466278829072,8.000000000000002
541,0.25643629057178713,10.000000000000002
542,0.6254495621086477,6.000000000000001
543,2.9126195901304524,6.000000000000001
544,0.6625926187482614,7.000000000000001
545,1.6379467810382866,6.000000000000001
546,-2.6019648859649767,7.000000000000001
547,0.6596610533783253,9.000000000000002
548,0.27509277764804363,17.000000000000004
549,-0.5538611468933078,6.000000000000001
550,-0.10396987073734923,9.000000000000002
551,0.41923649816610803,6.000000000000001
552,-2.2271093395761623,6.000000000000001
553,-0.8061248089135334,6.000000000000001
554,0.30582130036442656,5.000000000000001
555,2.143849501128172,11.000000000000002
556,-1.1381221985548242,50.00000000000001
557,-0.5882734954848035,6.000000000000001
558,2.4435473884075853,49.00000000000001
559,0.21906991176219945,8.000000000000002
560,-2.1619267718427975,12.000000000000002
561,0.07876043412820773,10.000000000000002
562,-0.20382252992820493,11.000000000000002
563,-0.04242958949623217,5.000000000000001
564,1.072989154652981,9.000000000000002
565,-3.0292839171909294,6.000000000000001
566,0.4137987301660615,9.000000000000002
567,1.3989517977109287,7.000000000000001
568,0.9947649795105975,6.000000000000001
569,1.421745045242588,7.000000000000001
570,1.427708560642379,7.000000000000001
571,-0.267631295449432,21.000000000000004
572,0.46771678534094857,7.000000000000001
573,1.0623736958034078,6.000000000000001
574,2.4156891932537223,9.000000000000002
575,1.8165629672950372,9.000000000000002
576,0.13426490601813668,6.000000000000001
577,2.1919823126286904,21.000000000000004
578,-2.6325264802974013,5.000000000000001
579,-0.4501082777154186,7.000000000000001
580,-0.9505937764245846,8.000000000000002
581,0.7486623618725337,7.000000000000001
582,0.7162090732566962,7.000000000000001
583,-1.9661125039532266,6.000000000000001
584,-1.5415921756873026,9.000000000000002
585,-0.13276247241032277,7.000000000000001
586,-1.197807905478457,7.000000000000001
587,0.4723533947791023,7.000000000000001
588,0.4623651240194273,15.000000000000002
589,-0.28450752248288064,9.000000000000002
590,1.5515951469511642,8.000000000000002
591,0.2987674731036536,7.000000000000001
592,0.4883674558771189,6.000000000000001
593,0.1857392477529288,7.000000000000001
594,0.09595343661503745,6.000000000000001
595,-0.7239429061944432,6.000000000000001
596,-0.5839344654732386,5.000000000000001
597,-0.6048278461936712,8.000000000000002
598,0.28343674741652364,7.000000000000001
599,0.37173098020971995,6.000000000000001
600,-2.1295148213402926,9.000000000000002
601,-0.15377437997564256,5.000000000000001
602,0.3539815669724726,35.00000000000001
603,-0.5323828737115163,6.000000000000001
604,0.8027935824279362,10.000000000000002
605,-3.0752479908015027,6.000000000000001
606,-0.5376783745390349,14.000000000000002
607,-2.5418838468526928,8.000000000000002
608,0.1632763710855716,6.000000000000001
609,-1.1156430402185675,6.000000000000001
610,2.1204594458382875,6.000000000000001
611,-0.45899096605859724,6.000000000000001
612,-1.4499020550635773,7.000000000000001
613,0.20431597740855273,6.000000000000001
614,-0.6911711589876182,8.000000000000002
615,-2.1788852443588036,15.000000000000002
616,-1.0476593698607501,8.000000000000002
617,0.5651654580612362,7.000000000000001
618,1.2136521975145895,10.000000000000002
619,1.8963147214478149,19.000000000000004
620,0.573144394291701,6.000000000000001
621,0.42460871049763704,6.000000000000001
622,1.3238954468945316,10.000000000000002
623,0.8624220811746326,21.000000000000004
624,0.5916886424265441,9.000000000000002
625,1.1999546736867537,8.000000000000002
626,-0.2172216511064225,67.00000000000001
627,0.751742504568788,7.000000000000001
628,-1.448390887052024,7.000000000000001
629,-0.8556869532500783,7.000000000000001
630,-1.6814218279413926,44.00000000000001
631,2.0558999163143863,7.000000000000001
632,-2.460047168072742,14.000000000000002
633,0.33866208200509773,56.00000000000001
634,-0.5490896443540264,6.000000000000001
635,2.5233529684913747,8.000000000000002
636,2.961348763560603,6.000000000000001
637,1.7887170583202947,6.000000000000001
638,1.5314862033478138,6.000000000000001
639,-1.277927583895937,8.000000000000002
640,1.5698963266733965,7.000000000000001
641,-0.5218469244550428,96.00000000000001
642,-1.7513761513187278,6.000000000000001
643,-0.23719886669318815,7.000000000000001
644,0.7704461750332425,10.000000000000002
645,-0.04242958949623217,5.000000000000001
646,1.4049369249342945,5.000000000000001
647,-2.774570373215866,7.000000000000001
648,0.7432104339385619,9.000000000000002
649,-0.014142253477512098,7.000000000000001
650,-0.6300466904458402,7.000000000000001
651,-0.24802155596947784,8.000000000000002
652,-0.4736704275817576,8.000000000000002
653,-1.1701647340935246,15.000000000000002
654,-0.15114050475410104,6.000000000000001
655,1.8565701755375166,8.000000000000002
656,-0.8514408218295388,7.000000000000001
657,0.4095502615533017,6.000000000000001
658,2.356184900192344,7.000000000000001
659,-2.1308126172243322,6.000000000000001
660,-2.1381473714906014,6.000000000000001
661,1.0386314803028656,993.0000000000001
662,-0.175152362064083,7.000000000000001
663,-1.2415816283808967,5.000000000000001
664,-0.06783630602888531,7.000000000000001
665,1.2567600741435703,20.000000000000004
666,1.870565833334519,7.000000000000001
667,0.9617323496243789,6.000000000000001
668,1.0051044962776212,7.000000000000001
669,-0.5792014640398341,6.000000000000001
670,-0.41280279937633296,126.00000000000001
671,-1.274269899242096,11.000000000000002
672,-0.7692968206582448,6.000000000000001
673,0.03162409436562762,7.000000000000001
674,-0.4904945557025638,7.000000000000001
675,-2.4932736674228075,16.000000000000004
676,0.583390083463115,8.000000000000002
677,0.3347270865173268,37.00000000000001
678,-0.2739861899475596,15.000000000000002
679,0.6069350068126782,311.00000000000006
680,0.36027475286293825,13.000000000000002
681,-1.9738183200343815,7.000000000000001
682,1.160806497716299,5.000000000000001
683,1.893677328274528,6.000000000000001
684,0.014142253477512098,6.000000000000001
685,-2.294814197834891,7.000000000000001
686,0.11582309841104423,13.000000000000002
687,-1.963513341239028,6.000000000000001
688,2.735825870305294,8.000000000000002
689,0.8693804021510994,6.000000000000001
690,-0.8856323367796581,7.000000000000001
691,-2.922983365328364,6.000000000000001
692,-1.0916745703268373,9.000000000000002
693,0.7286109476293513,11.000000000000002
694,-0.7892188405790853,6.000000000000001
695,0.20332790159446776,9.000000000000002
696,0.7411390976835647,7.000000000000001
697,0.13124294277564813,7.000000000000001
698,1.4679149300621477,6.000000000000001
699,0.16511171342944558,7.000000000000001
700,-1.2371398884890095,8.000000000000002
701,-0.22497358537392728,6.000000000000001
702,-1.8220309374541819,6.000000000000001
703,-1.1687525182480607,6.000000000000001
704,-0.33197657676436276,7.000000000000001
705,0.4380040838316827,6.000000000000001
706,2.9777022385715566,5.000000000000001
707,-0.7180349509693273,16.000000000000004
708,-0.1335157899915857,6.000000000000001
709,0.5151882240054869,6.000000000000001
710,2.9362932897368528,8.000000000000002
711,-0.40728415596415357,7.000000000000001
712,2.0953191094230177,9.000000000000002
713,0.014142253477512098,12.000000000000002
714,0.2316016765595677,6.000000000000001
715,-0.5720369977110442,6.000000000000001
716,-1.19221782499296,24.000000000000004
717,0.175152362064083,6.000000000000001
718,-0.1557207803105392,6.000000000000001
719,-2.8424856273939794,90.00000000000001
720,0.41923649816610803,9.000000000000002
721,1.7717460162923535,26.000000000000004
722,1.5766963610252662,7.000000000000001
723,-0.9535399508074018,7.000000000000001
724,1.0383993679682275,9.000000000000002
725,0.19983170004693926,10.000000000000002
726,-0.24679652969078228,6.000000000000001
727,0.9211560459448439,52.00000000000001
728,-0.4887935562781563,10.000000000000002
729,2.846241537825326,11.000000000000002
730,0.4422289937769668,6.000000000000001
731,-0.3341177458746959,11.000000000000002
732,1.1311714961500203,9.000000000000002
733,-3.06032991183324,7.000000000000001
734,2.9993460535811054,8.000000000000002
735,0.8201657643526981,8.000000000000002
736,0.9358926059300243,7.000000000000001
737,1.5656963046861379,10.000000000000002
738,-1.7799171936435993,7.000000000000001
739,1.7557489856556316,7.000000000000001
740,-0.3664645205800983,7.000000000000001
741,0.7102483035109642,58.00000000000001
742,2.7954842022783315,10.000000000000002
743,-0.7148371477037295,6.000000000000001
744,0.8394127532205663,8.000000000000002
745,1.8821000959982805,6.000000000000001
746,0.8510419382307898,12.000000000000002
747,-3.12159232024146,6.000000000000001
748,-2.7282916061106435,5.000000000000001
749,-0.13124294277564813,5.000000000000001
750,-2.7059522888096437,6.000000000000001
751,1.2010273854621258,7.000000000000001
752,-0.9788225856024485,6.000000000000001
753,1.1299555595428228,5.000000000000001
754,-1.7607363528815678,5.000000000000001
755,-0.7246974791650493,7.000000000000001
756,0.3510853369209008,21.000000000000004
757,-0.3525363019279315,7.000000000000001
758,-0.5224484369203048,109.00000000000001
759,-0.8801960870982479,11.000000000000002
760,0.3597069995849564,6.000000000000001
761,-0.239738924836788,6.000000000000001
762,0.720311946233658,7.000000000000001
763,-0.6245950297299872,6.000000000000001
764,0.3728306639450821,7.000000000000001
765,1.171359026429819,6.000000000000001
766,-0.12007211689055672,6.000000000000001
767,0.48365757830971484,8.000000000000002
768,0.1620413651170945,8.000000000000002
769,-2.1690496279340534,6.000000000000001
770,-1.3631064231262338,8.000000000000002
771,-0.08604979861210656,9.000000000000002
772,-2.2659454929189176,6.000000000000001
773,2.496759394152548,138.00000000000003
774,0.0949039414973622,10.000000000000002
775,-1.6652366493420698,7.000000000000001
776,0.488154277479279,5.000000000000001
777,2.419463356452919,29.000000000000004
778,-0.5306071044255789,9.000000000000002
779,0.2130053682596448,76.00000000000001
780,-0.7427669696839061,14.000000000000002
781,0.26420658436860583,31.000000000000004
782,-0.34845900821347475,7.000000000000001
783,1.3843174229892683,7.000000000000001
784,1.4261929069021038,48.00000000000001
785,-0.10202463355852458,6.000000000000001
786,2.913060579642169,8.000000000000002
787,-0.30681615772462134,7.000000000000001
788,0.13648773466080505,11.000000000000002
789,0.4344539933260168,74.00000000000001
790,1.786873830569669,11.000000000000002
791,-1.499937043821408,11.000000000000002
792,1.0947147700989095,8.000000000000002
793,-1.5827966148135606,8.000000000000002
794,0.4578611175011189,31.000000000000004
795,-0.737279833173589,9.000000000000002
796,1.029672013230468,7.000000000000001
797,-0.1620413651170945,13.000000000000002
798,1.3179095070310145,12.000000000000002
799,-0.8119290014240189,19.000000000000004
800,-2.6280304757854385,36.00000000000001
801,-0.4224187493506553,6.000000000000001
802,-0.5041197640992319,42.00000000000001
803,0.05292120158645468,7.000000000000001
804,-1.0928011282759442,7.000000000000001
805,-2.9979421722561814,8.000000000000002
806,0.635289395264454,9.000000000000002
807,0.11582309841104423,9.000000000000002
808,-0.15700508293439155,8.000000000000002
809,0.5074222614167163,6.000000000000001
810,0.3292039444398992,7.000000000000001
811,-1.831851378484813,7.000000000000001
812,2.522835559731228,7.000000000000001
813,-0.12336649646075368,11.000000000000002
814,1.0503124467975384,6.000000000000001
815,1.0160825704623098,6.000000000000001
816,0.2698908663565959,9.000000000000002
817,-0.7871033567028889,18.000000000000004
818,1.2866897033386469,6.000000000000001
819,-0.28557439117210426,6.000000000000001
820,-0.3889704304385315,7.000000000000001
821,-0.17108866494489416,7.000000000000001
822,-2.103077225487717,7.000000000000001
823,0.9542755312813893,17.000000000000004
824,-1.1951219053874642,8.000000000000002
825,0.993094685281418,5.000000000000001
826,0.3191578298366383,6.000000000000001
827,-2.9845875706554015,7.000000000000001
828,-1.325235876928824,12.000000000000002
829,1.1362488262914083,6.000000000000001
830,0.3165982518995229,8.000000000000002
831,0.3353353615154728,7.000000000000001
832,0.7420273861970359,7.000000000000001
833,0.714531980862059,7.000000000000001
834,1.1327180470944689,6.000000000000001
835,2.2126734239043295,6.000000000000001
836,-1.5751963409923537,6.000000000000001
837,-0.37365340189477037,41.00000000000001
838,-0.3664645205800983,62.00000000000001
839,1.1328284721045752,7.000000000000001
840,2.8546017720983476,7.000000000000001
841,0.7610677526367242,13.000000000000002
842,0.5861075251278804,144.00000000000003
843,0.48985731687680345,6.000000000000001
844,0.7665616180488662,11.000000000000002
845,-1.1565501281269628,49.00000000000001
846,1.064433159115624,7.000000000000001
847,-2.88594608707407,6.000000000000001
848,0.06783630602888531,11.000000000000002
849,-0.3857938581070229,7.000000000000001
850,-1.3930620482971419,10.000000000000002
851,-1.498533451349772,7.000000000000001
852,0.6235682517806214,8.000000000000002
853,0.4055133665766066,9.000000000000002
854,1.95897151705654,8.000000000000002
855,0.3216977340098863,10.000000000000002
856,1.166795740731816,6.000000000000001
857,-0.6701958994952494,6.000000000000001
858,-1.9003280677489962,7.000000000000001
859,0.9635600438023745,7.000000000000001
860,0.9768932526085642,40.00000000000001
861,0.481070672955484,8.000000000000002
862,0.024495509841604958,6.000000000000001
863,1.9086893593549021,12.000000000000002
864,-0.2765615143805271,7.000000000000001
865,0.2560417263350325,7.000000000000001
866,0.10587950213237296,6.000000000000001
867,2.445416532600667,17.000000000000004
868,-1.0261682651680242,6.000000000000001
869,-0.3758389776450734,9.000000000000002
870,-1.2855435734548175,9.000000000000002
871,0.8772087295251649,7.000000000000001
872,-0.24183564898036344,8.000000000000002
873,0.05292120158645468,6.000000000000001
874,0.18896062428748195,6.000000000000001
875,0.2634396346036375,546.0000000000001
876,-1.3757622151494007,5.000000000000001
877,0.7122397964701549,7.000000000000001
878,1.1163109384961818,7.000000000000001
879,-0.5662848023978153,21.000000000000004
880,-1.9292215836614774,6.000000000000001
881,0.7604876094176349,7.000000000000001
882,-0.06481875364241477,6.000000000000001
883,0.27582809869323993,12.000000000000002
884,0.8280682485181574,16.000000000000004
885,-0.4607933710098429,9.000000000000002
886,-1.0711672384870863,7.000000000000001
887,0.06481875364241477,11.000000000000002
888,-1.1022385212484116,35.00000000000001
889,2.1660272762578674,13.000000000000002
890,-0.4299178321114765,10.000000000000002
891,2.725561293848125,13.000000000000002
892,-1.8187286148346469,5.000000000000001
893,1.205956144931618,7.000000000000001
894,-1.1750466822046295,6.000000000000001
895,0.4747653753895269,11.000000000000002
896,0.2463868618217987,6.000000000000001
897,-2.40297507078336,6.000000000000001
898,-0.5601037422554614,7.000000000000001
899,-1.66142032060469,8.000000000000002
900,-0.3004615162866598,9084.000000000002
901,-1.3835032461793952,8.000000000000002
902,1.9645959844565768,6.000000000000001
903,0.43326458087886816,8.000000000000002
904,0.6322498111660767,1168.0000000000002
905,-1.7116617316355605,10.000000000000002
906,-0.8685947283173442,183.00000000000003
907,-0.5616077532934385,6.000000000000001
908,0.12173039652915929,8.000000000000002
909,-0.3785540419632623,6.000000000000001
910,-0.2925901597653254,11.000000000000002
911,-0.014142253477512098,7.000000000000001
912,1.5631962536303283,5.000000000000001
913,0.11839072552777699,6.000000000000001
914,-0.05831778262488458,8.000000000000002
915,0.3178805297341272,6.000000000000001
916,0.06481875364241477,6.000000000000001
917,1.042688334183364,13.000000000000002
918,-0.04242958949623217,45.00000000000001
919,-0.8447744105345288,28.000000000000004
920,0.5376783745390349,6.000000000000001
921,-0.2668739566126422,7.000000000000001
922,2.2775914878231145,7.000000000000001
923,-0.3292039444398992,7.000000000000001
924,0.3960292803661523,6.000000000000001
925,0.05477910459422107,6.000000000000001
926,-0.16931752556572385,14.000000000000002
927,1.3125349253263663,6.000000000000001
928,-1.8716126798875217,7.000000000000001
929,-2.5779227354693064,13.000000000000002
930,0.16990993689494324,6.000000000000001
931,0.14641814300826345,7.000000000000001
932,1.6504806271025612,60.00000000000001
933,0.46504808982308565,7.000000000000001
934,0.4970354173877717,23.000000000000004
935,-0.8317274692338601,11.000000000000002
936,-1.048813378951903,6.000000000000001
937,-0.7681461004045789,183.00000000000003
938,-0.15377437997564256,7.000000000000001
939,2.805953552378845,9.000000000000002
940,1.3981397810770948,7.000000000000001
941,2.147543292203289,6.000000000000001
942,0.4468795602602344,25.000000000000004
943,0.7937171071995082,15.000000000000002
944,1.2024212445256106,9.000000000000002
945,0.3562823084100042,5.000000000000001
946,0.8531677102025392,5.000000000000001
947,-0.37447441699334055,7.000000000000001
948,0.974478045274699,153.00000000000003
949,-1.9207986608476668,7.000000000000001
950,-1.2659988425676358,8.000000000000002
951,-1.876327719395497,10.000000000000002
952,0.2618991543445188,498.00000000000006
953,0.5288259443588622,26.000000000000004
954,-0.175152362064083,16.000000000000004
955,-0.25957168867715924,34.00000000000001
956,2.552418743953124,6.000000000000001
957,2.1109875545997814,13.000000000000002
958,0.31207019096839544,14.000000000000002
959,1.0702556010241362,9.000000000000002
960,1.875908322407993,8.000000000000002
961,-0.9526812878745641,6.000000000000001
962,-0.9120828519202339,6.000000000000001
963,2.0382336506781,1240.0000000000002
964,-0.028285214141364843,6.000000000000001
965,0.3812506976736283,6.000000000000001
966,-2.2698583503553937,8.000000000000002
967,-0.4380040838316827,7.000000000000001
968,-2.2515771769000863,7.000000000000001
969,1.0567553405252426,11.000000000000002
970,0.3216977340098863,7.000000000000001
971,-2.2296362652225423,8.000000000000002
972,-0.6859778778485937,5.000000000000001
973,-0.0469084582105005,8.000000000000002
974,-0.14224660000868797,6.000000000000001
975,-0.4535438469798189,6.000000000000001
976,-0.891430219559879,7.000000000000001
977,-0.044725087168733454,8.000000000000002
978,1.5316863571894712,6.000000000000001
979,0.08834633710244608,7.000000000000001
980,-0.20083674098214638,10.000000000000002
981,-1.4574538063340945,6.000000000000001
982,-1.1006687781744824,58.00000000000001
983,-0.9225367087807574,8.000000000000002
984,0.6583545740467738,7.000000000000001
985,-2.2053274875870836,7.000000000000001
986,-0.08002134870797761,7.000000000000001
987,-0.3892340337484618,15.000000000000002
988,0.7227342478134157,10.000000000000002
989,2.753942791398142,7.000000000000001
990,-0.4795557080469133,9.000000000000002
991,-1.9247403087542405,6.000000000000001
992,-0.3295131245155189,31.000000000000004
993,0.40904770644949706,6.000000000000001
994,2.4043128204162043,6.000000000000001
995,2.034316936197664,10.000000000000002
996,-1.7804283570958914,15.000000000000002
997,0.10587950213237296,7.000000000000001
998,-0.7363869043504461,6.000000000000001
999,0.32484565137026855,6.000000000000001
1000,-3.104173896744741,6.000000000000001
1001,-2.1694127280764235,6.000000000000001
1002,-1.702173931995931,5.000000000000001
1003,1.2125846338294641,7.000000000000001
1004,-2.3197871368676712,11.000000000000002
1005,0.020000333348333125,6.000000000000001
1006,0.33381267411130283,6.000000000000001
1007,-1.7774643782038348,6.000000000000001
1008,0.3774702474967483,13.000000000000002
1009,-0.6992890508015714,6.000000000000001
1010,0.17167502351463917,7.000000000000001
1011,-2.660521980634309,6.000000000000001
1012,1.8594897894643205,8.000000000000002
1013,-1.439519590175903,7.000000000000001
1014,1.8525077337377636,7.000000000000001
1015,0.63949037405949,7.000000000000001
1016,-0.7492498415897831,14.000000000000002
1017,-0.9141045891805569,6.000000000000001
1018,0.15114050475410104,5.000000000000001
1019,0.5343496940696753,6.000000000000001
1020,-0.7079446803764048,14.000000000000002
1021,1.6187146627726587,6.000000000000001
1022,2.3829929587044676,7.000000000000001
1023,1.1518479524577128,6.000000000000001
1024,0.4150404765688938,7.000000000000001
1025,0.841560497364705,6.000000000000001
1026,-0.6081612354363926,7.000000000000001
1027,-0.8001487429211013,6.000000000000001
1028,0.8435702706493512,7.000000000000001
1029,1.624021453604442,21.000000000000004
1030,-0.17284183171034884,7.000000000000001
1031,0.2769275124497905,5.000000000000001
1032,-0.1450408675118469,12.000000000000002
1033,-0.37719883571004376,39.00000000000001
1034,-0.5722216960033378,9.000000000000002
1035,2.2665967469630495,6.000000000000001
1036,-0.07747904492388095,7.000000000000001
1037,0.5632954800364456,70.00000000000001
1038,1.063060445673784,8.000000000000002
1039,-0.25125969303858475,6.000000000000001
1040,2.2917482041660624,30.000000000000004
1041,2.867606463642234,7.000000000000001
1042,0.14980633720639824,16.000000000000004
1043,2.56330531107544,24.000000000000004
1044,2.2385198147717196,6.000000000000001
1045,0.7243957271952596,13.000000000000002
1046,2.0096477416340184,5.000000000000001
1047,1.483385054985758,9.000000000000002
1048,-0.3239043758049637,6.000000000000001
1049,-0.39938580257788814,7.000000000000001
1050,0.4231499195161911,6.000000000000001
1051,0.8551570450762721,11.000000000000002
1052,0.11495453714204225,6.000000000000001
1053,2.4412167973052727,9.000000000000002
1054,-2.052286005360161,9.000000000000002
1055,0.6398254267677271,7.000000000000001
1056,0.5186281658873572,10.000000000000002
1057,0.8519724499461502,70.00000000000001
1058,-0.2977465600752733,6.000000000000001
1059,-1.1053742755508442,6.000000000000001
1060,0.04000266714678156,13.000000000000002
1061,-0.48215010405881875,7.000000000000001
1062,0.23889518250856714,16.000000000000004
1063,-1.0461580085683948,28.000000000000004
1064,-0.3777414736157052,8.000000000000002
1065,0.9029454817384186,7.000000000000001
1066,0.2765615143805271,9.000000000000002
1067,-2.472685758029861,6.000000000000001
1068,-1.1206469890501616,8.000000000000002
1069,-1.3998651796831194,81.00000000000001
1070,-1.383605025139597,8.000000000000002
1071,-0.09058481919024744,6.000000000000001
1072,0.03162409436562762,7.000000000000001
1073,2.7481637611065803,7.000000000000001
1074,2.2024745770404586,6.000000000000001
1075,0.20529936385294065,6.000000000000001
1076,2.8476188684117982,5.000000000000001
1077,0.1663241252726807,15.000000000000002
1078,-2.249262984295737,7.000000000000001
1079,-0.09168362228066593,6.000000000000001
1080,-0.2472055324783492,17.000000000000004
1081,0.5376783745390349,6.000000000000001
1082,0.30548898393562524,6.000000000000001
1083,0.22720405974643307,37.00000000000001
1084,-0.6501384547276359,9.000000000000002
1085,1.2865855255864782,7.000000000000001
1086,-1.7151976402711369,6.000000000000001
1087,1.2193032290452142,18.000000000000004
1088,0.3004615162866598,11.000000000000002
1089,-0.589893368475647,6.000000000000001
1090,2.3324235465668157,8.000000000000002
1091,-0.8729095078927666,45.00000000000001
1092,-0.5722216960033378,6.000000000000001
1093,2.7363328533993188,5.000000000000001
1094,-0.4987106073076038,7.000000000000001
1095,0.4105536304861518,9.000000000000002
1096,0.648484572845534,8.000000000000002
1097,-2.0252817150936115,5.000000000000001
1098,-0.10492901480724003,9.000000000000002
1099,-0.4177600793828715,7.000000000000001
1100,1.1822970014100254,9.000000000000002
1101,0.5153911514610496,6.000000000000001
1102,-0.5327767624967032,6.000000000000001
1103,-3.0073277475716567,7.000000000000001
1104,-0.04000266714678156,6.000000000000001
1105,-1.1332701150672053,7.000000000000001
1106,-1.550694973115277,8.000000000000002
1107,0.935644175736538,7.000000000000001
1108,-1.6901797078945506,6.000000000000001
1109,-0.7655519525623249,6.000000000000001
1110,-1.0913364744194851,6.000000000000001
1111,-0.024495509841604958,7.000000000000001
1112,-0.4578611175011189,32.00000000000001
1113,-0.04899469515834575,6.000000000000001
1114,0.17629638681133347,7.000000000000001
1115,-0.7359401099803233,7.000000000000001
1116,-0.4172668474640083,11.000000000000002
1117,0.32515882576595073,6.000000000000001
1118,-0.1175410535333189,8.000000000000002
1119,-0.19160422223875498,6.000000000000001
1120,0.8314568350476432,11.000000000000002
1121,0.6807514384628058,6.000000000000001
1122,-1.0784441354850205,12.000000000000002
1123,-0.024495509841604958,21.000000000000004
1124,2.1153074772616316,30.000000000000004
1125,-0.4904945557025638,5.000000000000001
1126,3.141592653589793,7.000000000000001
1127,-2.490958735482711,8.000000000000002
1128,-0.6746910114125253,6.000000000000001
1129,-0.7307111044707147,9.000000000000002
1130,0.4612429504523542,10.000000000000002
1131,0.20676579724966626,6.000000000000001
1132,-0.6917984312696861,6.000000000000001
1133,-1.8900942005146637,7.000000000000001
1134,-0.08487829022786185,6.000000000000001
1135,-0.830644531380752,17.000000000000004
1136,1.5039465471667468,6.000000000000001
1137,-1.0174936336855338,7.000000000000001
1138,0.46370840622872883,9.000000000000002
1139,0.04899469515834575,12.000000000000002
1140,0.25326294389286635,8.000000000000002
1141,0.6204790816317491,7.000000000000001
1142,2.1070277414482215,7.000000000000001
1143,0.17799878013481657,66.00000000000001
1144,-1.794558945864445,13.000000000000002
1145,-1.4855932747618188,8.000000000000002
1146,0.3720061916921988,8.000000000000002
1147,-2.07887555002373,7.000000000000001
1148,-1.8932555617913405,11.000000000000002
1149,0.04899469515834575,6.000000000000001
1150,1.7129748597679737,6.000000000000001
1151,0.851573752059082,84.00000000000001
1152,-1.5969993251758496,36.00000000000001
1153,-1.4625852650865778,10.000000000000002
1154,-0.10396987073734923,7.000000000000001
1155,-0.43540333257051134,6.000000000000001
1156,-1.1944768425815828,7.000000000000001
1157,-0.5238495287166155,7.000000000000001
1158,0.16017116006731824,7.000000000000001
1159,-0.5670299382483083,24.000000000000004
1160,-0.06165390452676007,6.000000000000001
1161,2.941760953542854,28.000000000000004
1162,-0.8580685305886779,6.000000000000001
1163,-1.0853535808365897,408.00000000000006
1164,0.6650272013433,6.000000000000001
1165,-0.42702962622243157,7.000000000000001
1166,1.2294033537588926,6.000000000000001
1167,0.6969554382328932,14.000000000000002
1168,1.248126215991542,6.000000000000001
1169,0.9025633337065473,10.000000000000002
1170,0.07072541780250705,6.000000000000001
1171,-1.3018663779704638,6.000000000000001
1172,-0.9851957390151648,7.000000000000001
1173,-2.782454265721332,7.000000000000001
1174,0.07350123639177734,6.000000000000001
1175,-0.12578094955366545,9.000000000000002
1176,0.3413607508558247,7.000000000000001
1177,0.295007368425893,6.000000000000001
1178,1.2064913185620412,8.000000000000002
1179,1.7483274079322377,8.000000000000002
1180,-0.5855649279529845,7.000000000000001
1181,0.5180226266334806,7.000000000000001
1182,-0.7236408966358344,8.000000000000002
1183,0.5456309975874084,7.000000000000001
1184,0.15636423944673383,6.000000000000001
1185,0.7096346083154366,6.000000000000001
1186,-0.274724397834132,6.000000000000001
1187,-0.27619504375652776,7.000000000000001
1188,-0.044725087168733454,7.000000000000001
1189,-0.07617614786314257,10.000000000000002
1190,0.8309153661904894,5.000000000000001
1191,1.5109606281193892,864.0000000000001
1192,-0.7708768320838539,6.000000000000001
1193,-0.9954802651685171,6.000000000000001
1194,-0.621510285165663,6.000000000000001
1195,-0.2672528878811359,7.000000000000001
1196,2.773735247458854,6.000000000000001
1197,0.07747904492388095,9.000000000000002
1198,-0.6772483359056729,5.000000000000001
1199,2.248749305753664,7.000000000000001
1200,-0.9835148960349204,7.000000000000001
1201,-0.45536628379735583,7.000000000000001
1202,0.6079861922289951,6.000000000000001
1203,0.6681001997570769,7.000000000000001
1204,0.24883495834726072,15.000000000000002
1205,-0.12578094955366545,53.00000000000001
1206,0.48430231574591986,15.000000000000002
1207,0.05477910459422107,6.000000000000001
1208,-0.4382397997212532,18.000000000000004
1209,-0.12893026911800431,6.000000000000001
1210,-0.1824616730160924,10.000000000000002
1211,-0.3395639288119467,6.000000000000001
1212,-2.079562431282174,709.0000000000001
1213,1.1645107621493898,15.000000000000002
1214,0.5039127017138011,13.000000000000002
1215,1.7531045242471694,7.000000000000001
1216,-1.913569257462142,6.000000000000001
1217,0.7363869043504461,239.00000000000003
1218,-1.0346812358655262,6.000000000000001
1219,1.1334909023330673,7.000000000000001
1220,-3.0886714520033385,11.000000000000002
1221,-2.993809979192891,7.000000000000001
1222,-0.014142253477512098,6.000000000000001
1223,-1.8469946103369033,16.000000000000004
1224,0.11923437096925123,10.000000000000002
1225,-2.0684896891320768,6.000000000000001
1226,0.7997305160496936,9.000000000000002
1227,1.0084176965015665,6.000000000000001
1228,-2.276802743754632,13.000000000000002
1229,-0.8000093528399329,21.000000000000004
1230,-1.9076296227367728,6.000000000000001
1231,0.38178785422348965,8.000000000000002
1232,0.7359401099803233,6.000000000000001
1233,-0.2472055324783492,10.000000000000002
1234,-0.3752937205688315,7.000000000000001
1235,0.7120867679113184,22.000000000000004
1236,1.3440585489556673,32.00000000000001
1237,0.7062514093945347,9.000000000000002
1238,0.22985254871227762,8.000000000000002
1239,-0.3628191275188761,12.000000000000002
1240,-1.1366897660361028,57.00000000000001
1241,-0.014142253477512098,7.000000000000001
1242,-2.7287898542134603,25.000000000000004
1243,-2.8424856273939794,11.000000000000002
1244,-0.6391551703453657,5.000000000000001
1245,-1.8495940557639843,8.000000000000002
1246,1.3781061229040652,50.00000000000001
1247,-0.4291974898306898,7.000000000000001
1248,-2.424926752240211,7.000000000000001
1249,-1.168969837344465,8.000000000000002
1250,1.1821889468140514,8.000000000000002
1251,0.5446667618167959,7.000000000000001
1252,-0.8910445410721264,6.000000000000001
1253,0.4780363169239899,45.00000000000001
1254,3.054387044728837,7.000000000000001
1255,2.388386977506083,9.000000000000002
1256,-1.5172707721373093,7.000000000000001
1257,-0.7293615700497365,17.000000000000004
1258,-2.1022650264979563,23.000000000000004
1259,0.03464274843605503,11.000000000000002
1260,0.3597069995849564,6.000000000000001
1261,0.299107026195814,7.000000000000001
1262,-2.878537312851742,7.000000000000001
1263,1.6538919212734176,7.000000000000001
1264,-0.5456309975874084,6.000000000000001
1265,2.372871021923963,7.000000000000001
1266,-1.2026356177576327,6.000000000000001
1267,-1.0868228213162021,6.000000000000001
1268,-2.2248393045816037,7.000000000000001
1269,0.5076280160310612,6.000000000000001
1270,-0.9320368047926376,23.000000000000004
1271,2.2129231434100918,6.000000000000001
1272,-2.7208846117531698,31.000000000000004
1273,0.10202463355852458,6.000000000000001
1274,0.6758108444846814,18.000000000000004
1275,-0.4291974898306898,6.000000000000001
1276,-0.12255116315500007,8.000000000000002
1277,0.7139213248486663,8.000000000000002
1278,-0.024495509841604958,7.000000000000001
1279,0.5536709945708077,7.000000000000001
1280,-0.37828337045066235,15.000000000000002
1281,-1.9762111592922185,238.00000000000003
1282,0.12255116315500007,7.000000000000001
1283,-0.8902728231371912,7.000000000000001
1284,0.20233506770016965,9.000000000000002
1285,1.030488491842117,7.000000000000001
1286,-0.06325609887514339,6.000000000000001
1287,-2.646658527248898,10.000000000000002
1288,2.2105526855122655,11.000000000000002
1289,-1.0267527382363302,6.000000000000001
1290,-1.4505064444001086,6.000000000000001
1291,-1.1040309877476002,6.000000000000001
1292,-0.03162409436562762,7.000000000000001
1293,-1.0007156129985189,6.000000000000001
1294,-0.020000333348333125,6.000000000000001
1295,0.8077864338321609,7.000000000000001
1296,2.246184091063653,8.000000000000002
1297,-0.3812506976736283,11.000000000000002
1298,0.7050178256759646,6.000000000000001
1299,0.46504808982308565,33.00000000000001
1300,1.2629572563861287,6.000000000000001
1301,0.8900154766897069,24.000000000000004
1302,0.04899469515834575,5.000000000000001
1303,0.2622851030358146,53.00000000000001
1304,0.25246351037472314,7.000000000000001
1305,3.141592653589793,11.000000000000002
1306,1.7509695547806339,6.000000000000001
1307,0.028285214141364843,6.000000000000001
1308,-0.3117443247771908,8.000000000000002
1309,2.5247345692894396,8.000000000000002
1310,0.3844629314511094,7.000000000000001
1311,1.8159444273455532,7.000000000000001
1312,-0.12173039652915929,7.000000000000001
1313,-0.4714734837250932,13.000000000000002
1314,-1.3996622183838703,137.00000000000003
1315,-0.6088609686470813,7.000000000000001
1316,0.9698781976319754,10.000000000000002
1317,2.1053999396988035,15.000000000000002
1318,0.5331703883394184,8.000000000000002
1319,-0.5406000882147741,9.000000000000002
1320,0.463484776612138,6.000000000000001
1321,-0.2816433203082061,11.000000000000002
1322,-0.12173039652915929,8.000000000000002
1323,1.0546869825422798,7.000000000000001
1324,-0.2329050556155924,8.000000000000002
1325,-0.037418756845052345,26.000000000000004
1326,-1.8127501559852512,7.000000000000001
1327,-0.4006696846462393,7.000000000000001
1328,-2.297219479853389,12.000000000000002
1329,0.7023905015932307,6.000000000000001
1330,0.8489121974240793,6.000000000000001
1331,-0.26073795940629124,8.000000000000002
1332,-2.7499937677295754,6.000000000000001
1333,-0.7893597148454196,15.000000000000002
1334,-0.06000900364695427,23339.000000000004
1335,0.7344492003886068,22.000000000000004
1336,-0.47781889725220433,6.000000000000001
1337,2.790216664280175,12.000000000000002
1338,0.8016807911881069,6.000000000000001
1339,-0.2852191996067502,8.000000000000002
1340,-0.6689068955599322,42.00000000000001
1341,1.2361872000885736,5.000000000000001
1342,-0.7725975551426157,8.000000000000002
1343,-0.40194968699950095,8.000000000000002
1344,-0.283794109208328,10.000000000000002
1345,1.7719501276909873,8.000000000000002
1346,0.1614203501484288,6.000000000000001
1347,2.4299651342367463,6.000000000000001
1348,1.1205359221154398,7.000000000000001
1349,0.3117443247771908,20.000000000000004
1350,2.4693065811629533,6.000000000000001
1351,1.0833173651348629,6.000000000000001
1352,0.5722216960033378,7.000000000000001
1353,-0.42387990452131546,6.000000000000001
1354,1.2196227468970275,18.000000000000004
1355,1.6487753309186883,6.000000000000001
1356,0.28092282941971164,6.000000000000001
1357,-1.756359431130844,38.00000000000001
1358,0.4825812535554222,8.000000000000002
1359,3.0488232059768796,5.000000000000001
1360,-1.7294612086995174,7.000000000000001
1361,0.7727408115633954,6.000000000000001
1362,-2.528200410637368,6.000000000000001
1363,0.5625459370255447,6.000000000000001
1364,1.1628772590666263,6.000000000000001
1365,-0.3011365455533722,6.000000000000001
1366,-0.8642641394487266,6.000000000000001
1367,0.9229130025577027,6.000000000000001
1368,2.5026051418043207,7.000000000000001
1369,-1.6284282249375543,29.000000000000004
1370,-0.8865360277163903,7.000000000000001
1371,-0.7337028219034989,7.000000000000001
1372,-0.1645021873823577,7.000000000000001
1373,0.15442588416659223,9.000000000000002
1374,1.6081049814006387,12.000000000000002
1375,-1.3014514404731434,6.000000000000001
1376,-1.0971884493060597,8.000000000000002
1377,-0.5367012846334416,8.000000000000002
1378,-0.6314032426378178,6.000000000000001
1379,-0.8079247833586708,6.000000000000001
1380,1.1049266137828895,6.000000000000001
1381,0.9550107285090598,7.000000000000001
1382,2.908254726956168,11.000000000000002
1383,0.6126970264293158,6.000000000000001
1384,-1.480573973847504,21.000000000000004
1385,0.8109638618524793,6.000000000000001
1386,0.17050030965300728,7.000000000000001
1387,-1.2483370917984529,6.000000000000001
1388,0.3175604292915215,6.000000000000001
1389,1.6449643064011081,16.000000000000004
1390,0.27361635796549844,14.000000000000002
1391,-1.2405246861380084,13.000000000000002
1392,-0.07876043412820773,9.000000000000002
1393,-1.7958923869752803,8.000000000000002
1394,0.5280325729109054,6.000000000000001
1395,-0.491131035030584,8.000000000000002
1396,-1.3300783121346522,8.000000000000002
1397,-0.18896062428748195,14.000000000000002
1398,-1.6984426807688493,21.000000000000004
1399,0.6132185032158491,9.000000000000002
1400,0.6064088169627281,5.000000000000001
1401,-2.3399118624016864,7.000000000000001
1402,-1.3705609604277957,7.000000000000001
1403,0.08604979861210656,8.000000000000002
1404,0.8575397154908267,5.000000000000001
1405,2.1856022565518884,7.000000000000001
1406,1.7274360940808284,10.000000000000002
1407,0.6692293434362987,10.000000000000002
1408,-2.855663500038167,5.000000000000001
1409,-1.6632278868586827,23.000000000000004
1410,0.6839229788840101,7.000000000000001
1411,1.0185511244068803,7.000000000000001
1412,-1.0138458593044934,9.000000000000002
1413,0.21906991176219945,9.000000000000002
1414,1.6286285587005187,20.000000000000004
1415,-0.23333792663362524,13.000000000000002
1416,0.6468270735709379,6.000000000000001
1417,0.9124621683330697,30.000000000000004
1418,0.48623180561569834,8.000000000000002
1419,-0.5659119067974511,23.000000000000004
1420,-2.1260983902228014,21.000000000000004
1421,-2.1059811170704963,6.000000000000001
1422,-0.10492901480724003,447.00000000000006
1423,-0.2691397328745526,7.000000000000001
1424,-1.1356975246664844,19.000000000000004
1425,-2.3941063671748104,6.000000000000001
1426,3.1170971437481882,26.000000000000004
1427,3.0521200933852985,5.000000000000001
1428,0.4422289937769668,14.000000000000002
1429,-1.1043668948318892,7.000000000000001
1430,0.08720560886095623,10.000000000000002
1431,0.7931559146486692,8.000000000000002
1432,0.7194018584486445,8.000000000000002
1433,-2.65152283919856,7.000000000000001
1434,1.5518952014024865,25.000000000000004
1435,0.274724397834132,7.000000000000001
1436,0.19831471672966366,10.000000000000002
1437,-2.7169839430921563,6.000000000000001
1438,-1.6775992588135051,8.000000000000002
1439,-0.7302614856969648,12.000000000000002
1440,-1.7629771277941053,12.000000000000002
1441,0.06325609887514339,6.000000000000001
1442,0.14295025232573835,6.000000000000001
1443,1.3149130754893863,8.000000000000002
1444,0.12417650347290973,8.000000000000002
1445,-0.6438343680916139,6.000000000000001
1446,-2.2339434316219617,6.000000000000001
1447,-0.949733308225168,8.000000000000002
1448,-0.024495509841604958,13.000000000000002
1449,0.8879547693708074,7.000000000000001
1450,0.32327538993145327,8.000000000000002
1451,1.846786737669544,7.000000000000001
1452,-0.43729622322436523,8.000000000000002
1453,0.9702418694175833,5.000000000000001
1454,-1.0704835529743082,5.000000000000001
1455,-0.13794984515377073,7.000000000000001
1456,1.043498551216327,6.000000000000001
1457,-0.4524013561000982,22.000000000000004
1458,-0.8662345650505715,23.000000000000004
1459,-1.366784069921783,5.000000000000001
1460,0.09276944761291361,9.000000000000002
1461,-1.5340880833203778,6.000000000000001
1462,-2.858513706940939,6.000000000000001
1463,1.2965723406300258,5.000000000000001
1464,-0.9072684830757886,8.000000000000002
1465,0.4487271930017521,12.000000000000002
1466,0.014142253477512098,147.00000000000003
1467,1.3616754599461938,9.000000000000002
1468,-0.562170831200254,8.000000000000002
1469,-0.4747653753895269,69.00000000000001
1470,1.745280331320206,6.000000000000001
1471,1.2365047979046295,6.000000000000001
1472,0.07485061981293262,10.000000000000002
1473,2.8964388192436377,6.000000000000001
1474,-1.5318865094635352,11.000000000000002
1475,-0.06000900364695427,15.000000000000002
1476,1.5720963271610635,6.000000000000001
1477,1.1150862915098165,10.000000000000002
1478,-0.4394166054562733,6.000000000000001
1479,0.4160313597416686,6.000000000000001
1480,-2.109821931022681,8.000000000000002
1481,0.9891503403272498,15.000000000000002
1482,0.7056348408023214,7.000000000000001
1483,-1.4305368984929243,8.000000000000002
1484,-2.621352847815803,10.000000000000002
1485,0.7227342478134157,5.000000000000001
1486,-1.21461264131962,9.000000000000002
1487,0.421930641099489,6.000000000000001
1488,0.671161278257409,6.000000000000001
1489,-2.766571844737775,6.000000000000001
1490,-1.3709690985581462,6.000000000000001
1491,-2.276802743754632,6.000000000000001
1492,-0.2706399658789166,7.000000000000001
1493,2.9170677765757245,16.000000000000004
1494,-0.9110707964331625,43.00000000000001
1495,0.3295131245155189,6.000000000000001
1496,1.207989224519172,6.000000000000001
1497,0.27765809840057154,6.000000000000001
1498,-3.141592653589793,11.000000000000002
1499,-2.1439685179735006,6.000000000000001
1500,1.0132567335873808,7.000000000000001
1501,0.10492901480724003,10.000000000000002
1502,0.629876943985419,6.000000000000001
1503,-0.7798770511992684,13.000000000000002
1504,-3.073756347560908,6.000000000000001
1505,-0.40703163145497234,6.000000000000001
1506,2.630478373983875,6.000000000000001
1507,-1.6146103435108743,6.000000000000001
1508,-1.412536520042024,7.000000000000001
1509,-0.38472946672443264,32.00000000000001
1510,-0.7612127332304713,6.000000000000001
1511,1.0091267670131385,8.000000000000002
1512,1.7623659109545828,48.00000000000001
1513,0.24597652554724064,6.000000000000001
1514,-0.1645021873823577,7.000000000000001
1515,0.17050030965300728,11.000000000000002
1516,1.7325001142302277,6.000000000000001
1517,1.6838369150918844,11.000000000000002
1518,1.907099901948877,12.000000000000002
1519,-2.6412119931989597,7.000000000000001
1520,-0.08126274175655326,14.000000000000002
1521,-2.1236289388491367,17.000000000000004
1522,0.5456309975874084,7.000000000000001
1523,-1.7468036632188189,7.000000000000001
1524,1.3624932062063122,23.000000000000004
1525,-0.1614203501484288,13.000000000000002
1526,1.0280378524148999,8.000000000000002
1527,-0.05099572069011084,8.000000000000002
1528,1.2361872000885736,6.000000000000001
1529,1.742234890506636,7.000000000000001
1530,0.48858054877259033,7.000000000000001
1531,-0.997028914160448,14.000000000000002
1532,2.798741464194946,6.000000000000001
1533,-1.0197253065445406,6.000000000000001
1534,-2.072135108401998,11.000000000000002
1535,0.21110485435582224,7.000000000000001
1536,-0.19524586236593036,7.000000000000001
1537,0.5300139860812293,39.00000000000001
1538,-0.5252472305735675,6.000000000000001
1539,-1.4853925448813903,5.000000000000001
1540,-2.121045923548268,6.000000000000001
1541,-0.7704461750332425,6.000000000000001
1542,-0.44386186469979383,39.00000000000001
1543,-0.8482458344479408,6.000000000000001
1544,1.5844967553899303,6.000000000000001
1545,-2.4916194250705703,6.000000000000001
1546,1.9284741846721907,8.000000000000002
1547,0.15246308602121755,14.000000000000002
1548,0.09168362228066593,7.000000000000001
1549,-0.31466536859162436,7.000000000000001
1550,0.7585996948853257,6.000000000000001
1551,-1.5879971749824857,7.000000000000001
1552,-1.7207577613844285,6.000000000000001
1553,2.5236981168653467,11.000000000000002
1554,0.020000333348333125,9.000000000000002
1555,1.174721530112095,13.000000000000002
1556,-2.959130980573701,369.00000000000006
1557,-0.2901533970886025,6.000000000000001
1558,1.1277429754230364,5.000000000000001
1559,-1.5587960387762325,7.000000000000001
1560,0.10775542078717872,24.000000000000004
1561,-2.8758586554133787,7.000000000000001
1562,0.37474770779852945,6.000000000000001
1563,0.5378736004204956,83.00000000000001
1564,-1.3826889437241572,6.000000000000001
1565,2.211550262241458,7.000000000000001
1566,-2.993809979192891,6.000000000000001
1567,-0.4797724016135566,6.000000000000001
1568,-0.7941377984199756,6.000000000000001
1569,0.32296045376968296,6.000000000000001
1570,3.013442497626651,12.000000000000002
1571,2.3758963981929844,7.000000000000001
1572,-2.574935174186908,13.000000000000002
1573,-1.7781796517315862,6.000000000000001
1574,0.07350123639177734,17.000000000000004
1575,-1.5386908115436773,5.000000000000001
1576,-2.3104065195334913,25.000000000000004
1577,0.551384585414248,6.000000000000001
1578,-2.0789900119790965,25.000000000000004
1579,-0.044725087168733454,7.000000000000001
1580,1.487198990611915,6.000000000000001
1581,0.09595343661503745,6.000000000000001
1582,2.237374175848292,6.000000000000001
1583,-0.5857458429853399,11.000000000000002
1584,0.45422805783577974,17.000000000000004
1585,-1.2911663675202751,6.000000000000001
1586,-0.7594715065064075,6.000000000000001
1587,-0.7536441823513942,15.000000000000002
1588,1.4756528474890065,648.0000000000001
1589,-0.06000900364695427,6.000000000000001
1590,0.7408428098879546,14.000000000000002
1591,1.2659988425676358,8.000000000000002
1592,-1.0299053336840258,8.000000000000002
1593,-1.457957020855972,6.000000000000001
1594,0.2472055324783492,10.000000000000002
1595,0.8356442002868799,21.000000000000004
1596,2.9993460535811054,6.000000000000001
1597,-2.503276154770601,6.000000000000001
1598,1.5905976207551875,25.000000000000004
1599,1.5144665420336678,6.000000000000001
1600,1.5869970354665925,12.000000000000002
1601,0.25085716409963693,6.000000000000001
1602,-0.30315288867619855,10.000000000000002
1603,-0.15891223532055967,6.000000000000001
1604,0.2167571626568568,7.000000000000001
1605,-0.13794984515377073,9.000000000000002
1606,0.3282747206724793,8.000000000000002
1607,-0.27765809840057154,6.000000000000001
1608,-1.3486743109896544,152.00000000000003
1609,2.296684529216282,7.000000000000001
1610,1.0143170043052963,5.000000000000001
1611,-0.23591877746423096,6.000000000000001
1612,-1.0041565883398436,8.000000000000002
1613,-0.3064848861256649,6.000000000000001
1614,-2.8935710976203155,9.000000000000002
1615,0.5222480026173963,6.000000000000001
1616,2.0068878281265605,5.000000000000001
1617,-0.628687609862283,8.000000000000002
1618,2.003029897322142,7.000000000000001
1619,0.06325609887514339,7.000000000000001
1620,2.0049028875536905,9.000000000000002
1621,0.43254946326455884,13.000000000000002
1622,-1.1508625330134639,7.000000000000001
1623,0.3926455941197877,7.000000000000001
1624,-2.45782795834546,12.000000000000002
1625,0.04000266714678156,18.000000000000004
1626,-2.263733868614697,12.000000000000002
1627,2.4879926970454003,13.000000000000002
1628,-1.2629572563861287,12.000000000000002
1629,0.3416593382582089,21.000000000000004
1630,-1.4477863413735579,7.000000000000001
1631,0.028285214141364843,7.000000000000001
1632,-2.0403631093980645,7.000000000000001
1633,-0.08248549466933483,6.000000000000001
1634,0.06325609887514339,9.000000000000002
1635,0.41155469190450283,13.000000000000002
1636,0.239738924836788,6.000000000000001
1637,-2.5522388066714132,6.000000000000001
1638,-0.6710004633331595,7.000000000000001
1639,0.5123395604643038,8.000000000000002
1640,-0.3815193658522198,12.000000000000002
1641,-1.0152588804065124,6.000000000000001
1642,0.8364528258172883,7.000000000000001
1643,-1.3655585011046836,41.00000000000001
1644,-1.8691008166977339,5.000000000000001
1645,2.6823760276983433,8.000000000000002
1646,0.2772930398364981,232.00000000000003
1647,0.8552895449979758,6.000000000000001
1648,-0.6714828104543319,5.000000000000001
1649,-0.9817119033756763,7.000000000000001
1650,1.9089013539960793,11.000000000000002
1651,-0.03162409436562762,6.000000000000001
1652,1.0082994872818658,5.000000000000001
1653,-0.9823131419060027,7.000000000000001
1654,1.931251294894478,7.000000000000001
1655,-0.37692723785373794,18.000000000000004
1656,-0.9191452194875209,6.000000000000001
1657,0.5055670308541099,5.000000000000001
1658,-0.9941686541970162,5.000000000000001
1659,0.8155061050940005,7.000000000000001
1660,0.06783630602888531,13.000000000000002
1661,-1.874440868518983,6.000000000000001
1662,-0.2484285831859051,6.000000000000001
1663,-0.491131035030584,11.000000000000002
1664,0.4433959030667942,7.000000000000001
1665,-2.2790389005049296,14.000000000000002
1666,-0.667292678495378,13.000000000000002
1667,2.414635302379851,6.000000000000001
1668,-1.241792970995347,7.000000000000001
1669,-0.5866496792286793,6.000000000000001
1670,-0.6585180045757163,9.000000000000002
1671,-1.2564446319174187,6.000000000000001
1672,0.434928905426988,13.000000000000002
1673,0.7976368254716082,7.000000000000001
1674,1.1726612045414484,8.000000000000002
1675,-0.23634622980388523,49.00000000000001
1676,-0.30681615772462134,11.000000000000002
1677,0.3790948331596482,32.00000000000001
1678,-0.20627812800494127,5.000000000000001
1679,-0.766273250290425,9.000000000000002
1680,1.1581881311525277,18.000000000000004
1681,-0.45377202391359434,12.000000000000002
1682,-0.04242958949623217,9.000000000000002
1683,1.387979679776923,54.00000000000001
1684,2.1923512793779416,8.000000000000002
1685,1.0546869825422798,6.000000000000001
1686,-0.5392383971700829,6.000000000000001
1687,-0.28663739712945074,7.000000000000001
1688,-1.2335391834711549,6.000000000000001
1689,1.8730788367427211,6.000000000000001
1690,0.10868128460750866,6.000000000000001
1691,0.4892193155682211,12.000000000000002
1692,2.1093559091544694,6.000000000000001
1693,0.6381486507438815,6.000000000000001
1694,-2.4087863023113694,10.000000000000002
1695,-1.6260243980703908,9.000000000000002
1696,1.076513998894839,7.000000000000001
1697,1.0825249100624115,145.00000000000003
1698,0.06783630602888531,37.00000000000001
1699,-0.4060200505951477,12.000000000000002
1700,-2.1034254297012067,6.000000000000001
1701,0.4055133665766066,6.000000000000001
1702,2.031747268725511,6.000000000000001
1703,-1.183377284853088,6.000000000000001
1704,-0.08002134870797761,14.000000000000002
1705,-0.4337407123821161,11.000000000000002
1706,0.08720560886095623,6.000000000000001
1707,-1.3891998787062798,6.000000000000001
1708,1.5294845769411036,63.00000000000001
1709,-0.2125318091054341,6.000000000000001
1710,-1.3190454762745276,6.000000000000001
1711,-1.788921907731393,8.000000000000002
1712,-0.9104378581745464,8.000000000000002
1713,-0.37611132382711654,11.000000000000002
1714,-0.8235790989475519,6.000000000000001
1715,-0.15377437997564256,6.000000000000001
1716,-0.5315943049560836,10.000000000000002
1717,3.12159232024146,10.000000000000002
1718,-1.3620843507800122,6.000000000000001
1719,-2.6560032273375027,19.000000000000004
1720,-0.44780426498122494,6.000000000000001
1721,0.18024389002919047,9.000000000000002
1722,0.6978896623411102,6.000000000000001
1723,-2.082197920285531,23.000000000000004
1724,0.9579477048089313,6.000000000000001
1725,1.6986443238741142,7.000000000000001
1726,0.028285214141364843,7.000000000000001
1727,-2.5106978227818306,6.000000000000001
1728,2.813007910277406,13.000000000000002
1729,-0.23677292485086152,9.000000000000002
1730,-2.6121723868506086,10.000000000000002
1731,0.295007368425893,6.000000000000001
1732,-0.13722072506309496,13.000000000000002
1733,-2.9253009611694134,9.000000000000002
1734,-2.985871873279254,6.000000000000001
1735,1.3379992991838996,8.000000000000002
1736,-0.13648773466080505,7.000000000000001
1737,-0.22497358537392728,10.000000000000002
1738,0.570557499031005,6.000000000000001
1739,-1.5738963317600847,6.000000000000001
1740,2.4586198382356703,8.000000000000002
1741,-0.12417650347290973,12.000000000000002
1742,3.1133074394484286,18.000000000000004
1743,0.2258683730893185,13.000000000000002
1744,-0.1175410535333189,13.000000000000002
1745,1.184565046956914,7.000000000000001
1746,-1.199525463743648,1471.0000000000002
1747,0.5947296537752217,14.000000000000002
1748,-0.33836095287453005,6.000000000000001
1749,-2.927172788090189,7.000000000000001
1750,1.8304025603236296,5.000000000000001
1751,-0.7189464598597776,60.00000000000001
1752,-1.3253389682498151,6.000000000000001
1753,0.07072541780250705,28.000000000000004
1754,-1.207240378248716,6.000000000000001
1755,0.3557084590240393,6.000000000000001
1756,1.3857419318694046,7.000000000000001
1757,-1.237669023856729,6.000000000000001
1758,2.0163970258732045,47.00000000000001
1759,1.520975719456442,9.000000000000002
1760,-1.1818647543348932,163.00000000000003
1761,-0.09168362228066593,6.000000000000001
1762,0.2227211564909491,7.000000000000001
1763,-0.5749858455848302,9.000000000000002
1764,2.9048197287389317,6.000000000000001
1765,1.1491096042331013,6.000000000000001
1766,-0.37611132382711654,10.000000000000002
1767,1.5218768174331558,7.000000000000001
1768,1.6350405103409549,84.00000000000001
1769,3.12159232024146,8.000000000000002
1770,0.4795557080469133,6.000000000000001
1771,-1.489908148471755,10.000000000000002
1772,1.0033266997205754,6.000000000000001
1773,-0.9905858268389472,8.000000000000002
1774,2.826927284998169,27.000000000000004
1775,0.17629638681133347,7.000000000000001
1776,1.843047111484075,8.000000000000002
1777,2.2760145297522865,6.000000000000001
1778,0.252863536299927,7.000000000000001
1779,0.439181480168163,359.00000000000006
1780,-3.127450400112281,7.000000000000001
1781,-0.49577562238631434,7.000000000000001
1782,0.1175410535333189,11.000000000000002
1783,-1.6200161976956493,7.000000000000001
1784,2.418102800450662,7.000000000000001
1785,-1.108505099284926,8.000000000000002
1786,-2.8964388192436377,6.000000000000001
1787,-1.059853358637853,5.000000000000001
1788,-0.2258683730893185,6.000000000000001
1789,-1.0577886135884325,8.000000000000002
1790,1.0877264053512574,21.000000000000004
1791,0.5565171697302144,24.000000000000004
1792,0.8597855137034516,6.000000000000001
1793,2.240048945494024,7.000000000000001
1794,0.6941464858523091,10.000000000000002
1795,-0.3923841652634414,6.000000000000001
1796,1.6792085674068404,7.000000000000001
1797,-0.4445599522965959,6.000000000000001
1798,-1.9722968752221741,11.000000000000002
1799,2.898923289017407,10.000000000000002
1800,-0.10587950213237296,6.000000000000001
1801,-0.42290632811647055,9.000000000000002
1802,0.3466975240308121,6.000000000000001
1803,-1.896631366053983,6.000000000000001
1804,-0.18465311382502114,5.000000000000001
1805,-2.704768933485126,12.000000000000002
1806,1.247704419757095,6.000000000000001
1807,1.46751279541041,8.000000000000002
1808,0.41849890139401286,7.000000000000001
1809,2.0453033601757475,29.000000000000004
1810,2.7765260920479466,18.000000000000004
1811,0.339864033159885,9.000000000000002
1812,0.044725087168733454,1590.0000000000002
1813,-2.430577846379447,10.000000000000002
1814,-0.39938580257788814,26.000000000000004
1815,-0.34285118939484693,6.000000000000001
1816,2.9427710067410007,7.000000000000001
1817,0.9215327338103791,10.000000000000002
1818,-2.411331167892828,6.000000000000001
1819,-2.8635699636000074,12.000000000000002
1820,-0.6921118893387911,9.000000000000002
1821,0.7477804450667497,6.000000000000001
1822,-0.3659059490405467,6.000000000000001
1823,-2.990452148835692,6.000000000000001
1824,-0.29293666113283795,6.000000000000001
1825,-0.4887935562781563,7.000000000000001
1826,-0.179685214256517,8.000000000000002
1827,0.14573112077897082,14.000000000000002
1828,-1.2615928331657993,8.000000000000002
1829,0.5471705978659638,11.000000000000002
1830,0.5129512008744835,19.000000000000004
1831,-0.1249812877532134,6.000000000000001
1832,1.1902799077884127,7.000000000000001
1833,1.108505099284926,10.000000000000002
1834,0.85952152788639,6.000000000000001
1835,-2.574376567592882,9.000000000000002
1836,-1.885358334462386,7.000000000000001
1837,1.0587065738607488,83.00000000000001
1838,-0.24761387348131725,30.000000000000004
1839,1.4327583707373859,15.000000000000002
1840,-0.6113045262224494,8.000000000000002
1841,-0.819755434402387,6.000000000000001
1842,0.6034194972207315,6.000000000000001
1843,-0.3591383878684611,11.000000000000002
1844,-1.043845670065822,6.000000000000001
1845,-0.07876043412820773,7.000000000000001
1846,-0.5258452146712037,8.000000000000002
1847,-0.26073795940629124,7.000000000000001
1848,2.611183188626978,5.000000000000001
1849,1.7705215257729832,15.000000000000002
1850,-0.014142253477512098,7.000000000000001
1851,3.0425572366546287,6.000000000000001
1852,1.2838757870366502,7.000000000000001
1853,2.7280426942181975,6.000000000000001
1854,0.274724397834132,10.000000000000002
1855,0.49829229343969084,8.000000000000002
1856,-0.11230873639886375,6.000000000000001
1857,1.603802319231955,331.00000000000006
1858,1.8588639456776486,7.000000000000001
1859,-2.5860227587442095,5.000000000000001
1860,0.3295131245155189,15.000000000000002
1861,-1.8540696422001668,6.000000000000001
1862,0.3149883119484356,8.000000000000002
1863,-1.9666543505062444,6.000000000000001
1864,1.6112073247518377,9.000000000000002
1865,-0.47542122575948637,7.000000000000001
1866,-0.420463120926839,6.000000000000001
1867,-0.9211560459448439,12.000000000000002
1868,-2.299629913196766,7.000000000000001
1869,0.17284183171034884,5.000000000000001
1870,-0.9420886915047251,7.000000000000001
1871,-2.4803015892247435,86.00000000000001
1872,-0.636636304641499,8.000000000000002
1873,-0.12578094955366545,6.000000000000001
1874,-2.9878182736141508,6.000000000000001
1875,0.024495509841604958,11.000000000000002
1876,-2.544724610506973,7.000000000000001
1877,-0.3892340337484618,7.000000000000001
1878,0.39159888586021796,6.000000000000001
1879,0.6972669620323477,10.000000000000002
1880,-0.743358207805571,6.000000000000001
1881,-1.5230782196937553,6.000000000000001
1882,-1.4982326630742115,7.000000000000001
1883,1.1294026305315716,1489.0000000000002
1884,1.316256592192706,23.000000000000004
1885,-0.42847601194037566,9.000000000000002
1886,-0.9418413857447768,17.000000000000004
1887,-1.1352563816390744,14.000000000000002
1888,-0.23804850693396118,7.000000000000001
1889,-2.71722674779075,17.000000000000004
1890,-2.2103034070602265,8.000000000000002
1891,0.5005890584206729,6.000000000000001
1892,1.9418525759150227,10.000000000000002
1893,-1.6182140941683256,12.000000000000002
1894,-0.20870524193815168,6.000000000000001
1895,-0.06325609887514339,6.000000000000001
1896,1.6145102476701014,11.000000000000002
1897,0.07350123639177734,154.00000000000003
1898,-0.43658728914787087,6.000000000000001
1899,-2.792548379209069,6.000000000000001
1900,1.0640900788477539,11.000000000000002
1901,-0.48494626400781826,6.000000000000001
1902,0.1068215637959927,6.000000000000001
1903,0.6767694579424403,36.00000000000001
1904,2.6033287929437248,9.000000000000002
1905,1.054801954915767,10.000000000000002
1906,-1.5976995720365712,6.000000000000001
1907,-1.762264048531714,5.000000000000001
1908,1.1397738288045027,7.000000000000001
1909,1.775421329112373,7.000000000000001
1910,0.8439717938473223,5.000000000000001
1911,1.04442404576504,6.000000000000001
1912,0.33074705991885944,6.000000000000001
1913,-3.127450400112281,29.000000000000004
1914,0.04000266714678156,6.000000000000001
1915,-2.5622085185443955,669.0000000000001
1916,0.31272093791373934,9.000000000000002
1917,-1.1729866375620752,14.000000000000002
1918,-0.4039897131903388,23.000000000000004
1919,-1.6168125649282707,7.000000000000001
1920,-1.6475717295234633,6.000000000000001
1921,-2.2353400288621668,47.00000000000001
1922,1.3520561417756085,12.000000000000002
1923,0.6359631571105038,6.000000000000001
1924,-2.7131166416494175,6.000000000000001
1925,-0.014142253477512098,5.000000000000001
1926,1.4464763370729312,7.000000000000001
1927,0.3557084590240393,7.000000000000001
1928,1.627927400642755,9.000000000000002
1929,1.0799187745937622,6.000000000000001
1930,0.07485061981293262,76.00000000000001
1931,1.9245271004961515,7.000000000000001
1932,0.5032910474523901,60.00000000000001
1933,0.6638920056361868,8.000000000000002
1934,-0.7594715065064075,7.000000000000001
1935,-0.9077761097674817,12.000000000000002
1936,1.013728051458739,7.000000000000001
1937,-1.5075541783315425,6.000000000000001
1938,0.803627391568583,51.00000000000001
